dataset,profile,source,window_seconds,name,family,node,rate_hz,raw_shape,raw_numeric_bytes,raw_storage_convention,feature_frames,feature_channels,feature_bytes,feature_policy,published_evidence,assumptions,corpus_compressed_bytes
opportunity++,opportunity++,https://www.frontiersin.org/journals/computer-science/articles/10.3389/fcomp.2021.792065/full,3,body_sensors,body_sensors,body_sensors_gateway,30,"[90, 145]",52200,"uint8 RGB/grayscale images; float32 other decoded values; excludes timestamps, codecs and containers",90,145,52200,identity,Section 2.3: body145 + object60 + ambient37 = 242 attributes.,"30 Hz synchronized sensor fixture; aggregate gateway per subsystem, not one physical sensor.",
opportunity++,opportunity++,https://www.frontiersin.org/journals/computer-science/articles/10.3389/fcomp.2021.792065/full,3,object_sensors,object_sensors,object_sensors_gateway,30,"[90, 60]",21600,"uint8 RGB/grayscale images; float32 other decoded values; excludes timestamps, codecs and containers",90,60,21600,identity,Section 2.3: body145 + object60 + ambient37 = 242 attributes.,"30 Hz synchronized sensor fixture; aggregate gateway per subsystem, not one physical sensor.",
opportunity++,opportunity++,https://www.frontiersin.org/journals/computer-science/articles/10.3389/fcomp.2021.792065/full,3,ambient_sensors,ambient_sensors,ambient_sensors_gateway,30,"[90, 37]",13320,"uint8 RGB/grayscale images; float32 other decoded values; excludes timestamps, codecs and containers",90,37,13320,identity,Section 2.3: body145 + object60 + ambient37 = 242 attributes.,"30 Hz synchronized sensor fixture; aggregate gateway per subsystem, not one physical sensor.",
opportunity++,opportunity++,https://www.frontiersin.org/journals/computer-science/articles/10.3389/fcomp.2021.792065/full,3,rgb,rgb,camera,10,"[30, 3, 480, 640]",27648000,"uint8 RGB/grayscale images; float32 other decoded values; excludes timestamps, codecs and containers",30,192,23040,spatial_pool_8x8,"Video: 640x480, 10 fps.",,
opportunity++,opportunity++,https://www.frontiersin.org/journals/computer-science/articles/10.3389/fcomp.2021.792065/full,3,body25,body25,camera,10,"[30, 75]",9000,"uint8 RGB/grayscale images; float32 other decoded values; excludes timestamps, codecs and containers",30,75,9000,identity,"BODY25: 25 keypoints, x/y/confidence from video.",One person; 10 Hz matching video; excludes OpenPose extraction cost.,
openmarcie,openmarcie_bicycle,https://arxiv.org/html/2603.02390v1,3,imu,imu,imu_gateway,60,"[180, 21]",15120,"uint8 RGB/grayscale images; float32 other decoded values; excludes timestamps, codecs and containers",180,21,15120,identity,Table 2 bicycle: 21 total channels.,Grouped subsystem gateway. Test rate 60 Hz IMU / 10 Hz other; not a claim about native acquisition rate.,
openmarcie,openmarcie_bicycle,https://arxiv.org/html/2603.02390v1,3,magnetometer,magnetometer,magnetometer_gateway,10,"[30, 9]",1080,"uint8 RGB/grayscale images; float32 other decoded values; excludes timestamps, codecs and containers",30,9,1080,identity,Table 2 bicycle: 9 total channels.,Grouped subsystem gateway. Test rate 60 Hz IMU / 10 Hz other; not a claim about native acquisition rate.,
openmarcie,openmarcie_bicycle,https://arxiv.org/html/2603.02390v1,3,barometer,barometer,barometer_gateway,10,"[30, 3]",360,"uint8 RGB/grayscale images; float32 other decoded values; excludes timestamps, codecs and containers",30,3,360,identity,Table 2 bicycle: 3 total channels.,Grouped subsystem gateway. Test rate 60 Hz IMU / 10 Hz other; not a claim about native acquisition rate.,
openmarcie,openmarcie_bicycle,https://arxiv.org/html/2603.02390v1,3,temperature,temperature,temperature_gateway,10,"[30, 3]",360,"uint8 RGB/grayscale images; float32 other decoded values; excludes timestamps, codecs and containers",30,3,360,identity,Table 2 bicycle: 3 total channels.,Grouped subsystem gateway. Test rate 60 Hz IMU / 10 Hz other; not a claim about native acquisition rate.,
openmarcie,openmarcie_bicycle,https://arxiv.org/html/2603.02390v1,3,spectrometer,spectrometer,spectrometer_gateway,10,"[30, 24]",2880,"uint8 RGB/grayscale images; float32 other decoded values; excludes timestamps, codecs and containers",30,24,2880,identity,Table 2 bicycle: 24 total channels.,Grouped subsystem gateway. Test rate 60 Hz IMU / 10 Hz other; not a claim about native acquisition rate.,
openmarcie,openmarcie_bicycle,https://arxiv.org/html/2603.02390v1,3,thermal,thermal,thermal_gateway,10,"[30, 2, 8, 8]",15360,"uint8 RGB/grayscale images; float32 other decoded values; excludes timestamps, codecs and containers",30,128,15360,spatial_pool_8x8,Table 2: two 8x8 thermal arrays.,10 Hz test rate; arrays grouped.,
openmarcie,openmarcie_bicycle,https://arxiv.org/html/2603.02390v1,3,chest_lidar0_rgb,rgb,chest_lidar0,8,"[24, 3, 224, 224]",3612672,"uint8 RGB/grayscale images; float32 other decoded values; excludes timestamps, codecs and containers",24,192,18432,spatial_pool_8x8,"Table 2: 1 chest_lidar camera(s), four RGB/depth channels each.","224x224 processing resolution and 8 fps fixture, not native capture dimensions. Depth float32.",
openmarcie,openmarcie_bicycle,https://arxiv.org/html/2603.02390v1,3,chest_lidar0_depth,depth,chest_lidar0,8,"[24, 1, 224, 224]",4816896,"uint8 RGB/grayscale images; float32 other decoded values; excludes timestamps, codecs and containers",24,64,6144,spatial_pool_8x8,"Table 2: 1 chest_lidar camera(s), four RGB/depth channels each.","224x224 processing resolution and 8 fps fixture, not native capture dimensions. Depth float32.",
openmarcie,openmarcie_bicycle,https://arxiv.org/html/2603.02390v1,3,room_rgbd0_rgb,rgb,room_rgbd0,8,"[24, 3, 224, 224]",3612672,"uint8 RGB/grayscale images; float32 other decoded values; excludes timestamps, codecs and containers",24,192,18432,spatial_pool_8x8,"Table 2: 2 room_rgbd camera(s), four RGB/depth channels each.","224x224 processing resolution and 8 fps fixture, not native capture dimensions. Depth float32.",
openmarcie,openmarcie_bicycle,https://arxiv.org/html/2603.02390v1,3,room_rgbd0_depth,depth,room_rgbd0,8,"[24, 1, 224, 224]",4816896,"uint8 RGB/grayscale images; float32 other decoded values; excludes timestamps, codecs and containers",24,64,6144,spatial_pool_8x8,"Table 2: 2 room_rgbd camera(s), four RGB/depth channels each.","224x224 processing resolution and 8 fps fixture, not native capture dimensions. Depth float32.",
openmarcie,openmarcie_bicycle,https://arxiv.org/html/2603.02390v1,3,room_rgbd1_rgb,rgb,room_rgbd1,8,"[24, 3, 224, 224]",3612672,"uint8 RGB/grayscale images; float32 other decoded values; excludes timestamps, codecs and containers",24,192,18432,spatial_pool_8x8,"Table 2: 2 room_rgbd camera(s), four RGB/depth channels each.","224x224 processing resolution and 8 fps fixture, not native capture dimensions. Depth float32.",
openmarcie,openmarcie_bicycle,https://arxiv.org/html/2603.02390v1,3,room_rgbd1_depth,depth,room_rgbd1,8,"[24, 1, 224, 224]",4816896,"uint8 RGB/grayscale images; float32 other decoded values; excludes timestamps, codecs and containers",24,64,6144,spatial_pool_8x8,"Table 2: 2 room_rgbd camera(s), four RGB/depth channels each.","224x224 processing resolution and 8 fps fixture, not native capture dimensions. Depth float32.",
openmarcie,openmarcie_bicycle,https://arxiv.org/html/2603.02390v1,3,audio0,audio,audio0,16000,"[48000, 2]",384000,"uint8 RGB/grayscale images; float32 other decoded values; excludes timestamps, codecs and containers",186,514,382416,log_spectrum_fft512_hop256_center_false,"Table 2 stereo audio; benchmark uses 16,000 samples per second.",16 kHz benchmark representation; three-second fixture rather than paper one-second baseline clip.,
openmarcie,openmarcie_printer,https://arxiv.org/html/2603.02390v1,3,imu,imu,imu_gateway,60,"[180, 20]",14400,"uint8 RGB/grayscale images; float32 other decoded values; excludes timestamps, codecs and containers",180,20,14400,identity,Table 2 printer: 20 total channels.,Grouped subsystem gateway. Test rate 60 Hz IMU / 10 Hz other; not a claim about native acquisition rate.,
openmarcie,openmarcie_printer,https://arxiv.org/html/2603.02390v1,3,magnetometer,magnetometer,magnetometer_gateway,10,"[30, 6]",720,"uint8 RGB/grayscale images; float32 other decoded values; excludes timestamps, codecs and containers",30,6,720,identity,Table 2 printer: 6 total channels.,Grouped subsystem gateway. Test rate 60 Hz IMU / 10 Hz other; not a claim about native acquisition rate.,
openmarcie,openmarcie_printer,https://arxiv.org/html/2603.02390v1,3,barometer,barometer,barometer_gateway,10,"[30, 2]",240,"uint8 RGB/grayscale images; float32 other decoded values; excludes timestamps, codecs and containers",30,2,240,identity,Table 2 printer: 2 total channels.,Grouped subsystem gateway. Test rate 60 Hz IMU / 10 Hz other; not a claim about native acquisition rate.,
openmarcie,openmarcie_printer,https://arxiv.org/html/2603.02390v1,3,temperature,temperature,temperature_gateway,10,"[30, 4]",480,"uint8 RGB/grayscale images; float32 other decoded values; excludes timestamps, codecs and containers",30,4,480,identity,Table 2 printer: 4 total channels.,Grouped subsystem gateway. Test rate 60 Hz IMU / 10 Hz other; not a claim about native acquisition rate.,
openmarcie,openmarcie_printer,https://arxiv.org/html/2603.02390v1,3,rgbd_imu0_rgb,rgb,rgbd_imu0,8,"[24, 3, 224, 224]",3612672,"uint8 RGB/grayscale images; float32 other decoded values; excludes timestamps, codecs and containers",24,192,18432,spatial_pool_8x8,"Table 2: 2 rgbd_imu camera(s), four RGB/depth channels each.","224x224 processing resolution and 8 fps fixture, not native capture dimensions. Depth float32.",
openmarcie,openmarcie_printer,https://arxiv.org/html/2603.02390v1,3,rgbd_imu0_depth,depth,rgbd_imu0,8,"[24, 1, 224, 224]",4816896,"uint8 RGB/grayscale images; float32 other decoded values; excludes timestamps, codecs and containers",24,64,6144,spatial_pool_8x8,"Table 2: 2 rgbd_imu camera(s), four RGB/depth channels each.","224x224 processing resolution and 8 fps fixture, not native capture dimensions. Depth float32.",
openmarcie,openmarcie_printer,https://arxiv.org/html/2603.02390v1,3,rgbd_imu1_rgb,rgb,rgbd_imu1,8,"[24, 3, 224, 224]",3612672,"uint8 RGB/grayscale images; float32 other decoded values; excludes timestamps, codecs and containers",24,192,18432,spatial_pool_8x8,"Table 2: 2 rgbd_imu camera(s), four RGB/depth channels each.","224x224 processing resolution and 8 fps fixture, not native capture dimensions. Depth float32.",
openmarcie,openmarcie_printer,https://arxiv.org/html/2603.02390v1,3,rgbd_imu1_depth,depth,rgbd_imu1,8,"[24, 1, 224, 224]",4816896,"uint8 RGB/grayscale images; float32 other decoded values; excludes timestamps, codecs and containers",24,64,6144,spatial_pool_8x8,"Table 2: 2 rgbd_imu camera(s), four RGB/depth channels each.","224x224 processing resolution and 8 fps fixture, not native capture dimensions. Depth float32.",
openmarcie,openmarcie_printer,https://arxiv.org/html/2603.02390v1,3,lidar0_rgb,rgb,lidar0,8,"[24, 3, 224, 224]",3612672,"uint8 RGB/grayscale images; float32 other decoded values; excludes timestamps, codecs and containers",24,192,18432,spatial_pool_8x8,"Table 2: 2 lidar camera(s), four RGB/depth channels each.","224x224 processing resolution and 8 fps fixture, not native capture dimensions. Depth float32.",
openmarcie,openmarcie_printer,https://arxiv.org/html/2603.02390v1,3,lidar0_depth,depth,lidar0,8,"[24, 1, 224, 224]",4816896,"uint8 RGB/grayscale images; float32 other decoded values; excludes timestamps, codecs and containers",24,64,6144,spatial_pool_8x8,"Table 2: 2 lidar camera(s), four RGB/depth channels each.","224x224 processing resolution and 8 fps fixture, not native capture dimensions. Depth float32.",
openmarcie,openmarcie_printer,https://arxiv.org/html/2603.02390v1,3,lidar1_rgb,rgb,lidar1,8,"[24, 3, 224, 224]",3612672,"uint8 RGB/grayscale images; float32 other decoded values; excludes timestamps, codecs and containers",24,192,18432,spatial_pool_8x8,"Table 2: 2 lidar camera(s), four RGB/depth channels each.","224x224 processing resolution and 8 fps fixture, not native capture dimensions. Depth float32.",
openmarcie,openmarcie_printer,https://arxiv.org/html/2603.02390v1,3,lidar1_depth,depth,lidar1,8,"[24, 1, 224, 224]",4816896,"uint8 RGB/grayscale images; float32 other decoded values; excludes timestamps, codecs and containers",24,64,6144,spatial_pool_8x8,"Table 2: 2 lidar camera(s), four RGB/depth channels each.","224x224 processing resolution and 8 fps fixture, not native capture dimensions. Depth float32.",
openmarcie,openmarcie_printer,https://arxiv.org/html/2603.02390v1,3,room_rgbd0_rgb,rgb,room_rgbd0,8,"[24, 3, 224, 224]",3612672,"uint8 RGB/grayscale images; float32 other decoded values; excludes timestamps, codecs and containers",24,192,18432,spatial_pool_8x8,"Table 2: 2 room_rgbd camera(s), four RGB/depth channels each.","224x224 processing resolution and 8 fps fixture, not native capture dimensions. Depth float32.",
openmarcie,openmarcie_printer,https://arxiv.org/html/2603.02390v1,3,room_rgbd0_depth,depth,room_rgbd0,8,"[24, 1, 224, 224]",4816896,"uint8 RGB/grayscale images; float32 other decoded values; excludes timestamps, codecs and containers",24,64,6144,spatial_pool_8x8,"Table 2: 2 room_rgbd camera(s), four RGB/depth channels each.","224x224 processing resolution and 8 fps fixture, not native capture dimensions. Depth float32.",
openmarcie,openmarcie_printer,https://arxiv.org/html/2603.02390v1,3,room_rgbd1_rgb,rgb,room_rgbd1,8,"[24, 3, 224, 224]",3612672,"uint8 RGB/grayscale images; float32 other decoded values; excludes timestamps, codecs and containers",24,192,18432,spatial_pool_8x8,"Table 2: 2 room_rgbd camera(s), four RGB/depth channels each.","224x224 processing resolution and 8 fps fixture, not native capture dimensions. Depth float32.",
openmarcie,openmarcie_printer,https://arxiv.org/html/2603.02390v1,3,room_rgbd1_depth,depth,room_rgbd1,8,"[24, 1, 224, 224]",4816896,"uint8 RGB/grayscale images; float32 other decoded values; excludes timestamps, codecs and containers",24,64,6144,spatial_pool_8x8,"Table 2: 2 room_rgbd camera(s), four RGB/depth channels each.","224x224 processing resolution and 8 fps fixture, not native capture dimensions. Depth float32.",
openmarcie,openmarcie_printer,https://arxiv.org/html/2603.02390v1,3,camera_imu,imu,camera_imu_gateway,60,"[180, 20]",14400,"uint8 RGB/grayscale images; float32 other decoded values; excludes timestamps, codecs and containers",180,20,14400,identity,Table 2 RGBD-IMU total28 channels.,Interpretation: eight RGBD plus twenty IMU channels; 60 Hz test rate; verify release schema before real training.,
openmarcie,openmarcie_printer,https://arxiv.org/html/2603.02390v1,3,audio0,audio,audio0,16000,"[48000, 2]",384000,"uint8 RGB/grayscale images; float32 other decoded values; excludes timestamps, codecs and containers",186,514,382416,log_spectrum_fft512_hop256_center_false,"Table 2 stereo audio; benchmark uses 16,000 samples per second.",16 kHz benchmark representation; three-second fixture rather than paper one-second baseline clip.,
openmarcie,openmarcie_printer,https://arxiv.org/html/2603.02390v1,3,audio1,audio,audio1,16000,"[48000, 2]",384000,"uint8 RGB/grayscale images; float32 other decoded values; excludes timestamps, codecs and containers",186,514,382416,log_spectrum_fft512_hop256_center_false,"Table 2 stereo audio; benchmark uses 16,000 samples per second.",16 kHz benchmark representation; three-second fixture rather than paper one-second baseline clip.,
nymeria,nymeria,https://arxiv.org/html/2406.09905v1,3,head_rgb,rgb,head,30,"[90, 3, 1408, 1408]",535265280,"uint8 RGB/grayscale images; float32 other decoded values; excludes timestamps, codecs and containers",90,192,69120,spatial_pool_8x8,Appendix A recording profile: full Aria vs miniAria wrist rates.,,
nymeria,nymeria,https://arxiv.org/html/2406.09905v1,3,head_slam_left,slam,head,30,"[90, 1, 480, 640]",27648000,"uint8 RGB/grayscale images; float32 other decoded values; excludes timestamps, codecs and containers",90,64,23040,spatial_pool_8x8,Appendix A recording profile: full Aria vs miniAria wrist rates.,,
nymeria,nymeria,https://arxiv.org/html/2406.09905v1,3,head_imu_left,imu,head,800,"[2400, 6]",57600,"uint8 RGB/grayscale images; float32 other decoded values; excludes timestamps, codecs and containers",2400,6,57600,identity,Appendix A recording profile: full Aria vs miniAria wrist rates.,Six acceleration/angular-velocity channels; timestamps excluded from numeric volume.,
nymeria,nymeria,https://arxiv.org/html/2406.09905v1,3,head_slam_right,slam,head,30,"[90, 1, 480, 640]",27648000,"uint8 RGB/grayscale images; float32 other decoded values; excludes timestamps, codecs and containers",90,64,23040,spatial_pool_8x8,Appendix A recording profile: full Aria vs miniAria wrist rates.,,
nymeria,nymeria,https://arxiv.org/html/2406.09905v1,3,head_imu_right,imu,head,1000,"[3000, 6]",72000,"uint8 RGB/grayscale images; float32 other decoded values; excludes timestamps, codecs and containers",3000,6,72000,identity,Appendix A recording profile: full Aria vs miniAria wrist rates.,Six acceleration/angular-velocity channels; timestamps excluded from numeric volume.,
nymeria,nymeria,https://arxiv.org/html/2406.09905v1,3,head_trajectory,trajectory,head,1000,"[3000, 7]",84000,"uint8 RGB/grayscale images; float32 other decoded values; excludes timestamps, codecs and containers",3000,7,84000,identity,Appendix B: MPS 6DoF trajectory at 1 kHz.,"XYZ plus quaternion representation, seven float32 values.",
nymeria,nymeria,https://arxiv.org/html/2406.09905v1,3,head_eye_images,eye_images,head,10,"[30, 1, 240, 320]",2304000,"uint8 RGB/grayscale images; float32 other decoded values; excludes timestamps, codecs and containers",30,64,7680,spatial_pool_8x8,Appendix A recording profile: full Aria vs miniAria wrist rates.,One published 320x240 ET image stream; no doubling for inferred eye crops.,
nymeria,nymeria,https://arxiv.org/html/2406.09905v1,3,head_magnetometer,magnetometer,head,10,"[30, 3]",360,"uint8 RGB/grayscale images; float32 other decoded values; excludes timestamps, codecs and containers",30,3,360,identity,Appendix A recording profile: full Aria vs miniAria wrist rates.,,
nymeria,nymeria,https://arxiv.org/html/2406.09905v1,3,head_barometer,barometer,head,50,"[150, 1]",600,"uint8 RGB/grayscale images; float32 other decoded values; excludes timestamps, codecs and containers",150,1,600,identity,Appendix A recording profile: full Aria vs miniAria wrist rates.,,
nymeria,nymeria,https://arxiv.org/html/2406.09905v1,3,head_audio,audio,head,48000,"[144000, 7]",4032000,"uint8 RGB/grayscale images; float32 other decoded values; excludes timestamps, codecs and containers",561,1799,4036956,log_spectrum_fft512_hop256_center_false,Appendix A recording profile: full Aria vs miniAria wrist rates.,,
nymeria,nymeria,https://arxiv.org/html/2406.09905v1,3,head_gaze,gaze,head,10,"[30, 3]",360,"uint8 RGB/grayscale images; float32 other decoded values; excludes timestamps, codecs and containers",30,3,360,identity,Appendix B: calibrated eye gaze.,Yaw/pitch/depth at ET 10 Hz; exact output schema and availability must be checked locally.,
nymeria,nymeria,https://arxiv.org/html/2406.09905v1,3,observer_rgb,rgb,observer,30,"[90, 3, 1408, 1408]",535265280,"uint8 RGB/grayscale images; float32 other decoded values; excludes timestamps, codecs and containers",90,192,69120,spatial_pool_8x8,Appendix A recording profile: full Aria vs miniAria wrist rates.,,
nymeria,nymeria,https://arxiv.org/html/2406.09905v1,3,observer_slam_left,slam,observer,30,"[90, 1, 480, 640]",27648000,"uint8 RGB/grayscale images; float32 other decoded values; excludes timestamps, codecs and containers",90,64,23040,spatial_pool_8x8,Appendix A recording profile: full Aria vs miniAria wrist rates.,,
nymeria,nymeria,https://arxiv.org/html/2406.09905v1,3,observer_imu_left,imu,observer,800,"[2400, 6]",57600,"uint8 RGB/grayscale images; float32 other decoded values; excludes timestamps, codecs and containers",2400,6,57600,identity,Appendix A recording profile: full Aria vs miniAria wrist rates.,Six acceleration/angular-velocity channels; timestamps excluded from numeric volume.,
nymeria,nymeria,https://arxiv.org/html/2406.09905v1,3,observer_slam_right,slam,observer,30,"[90, 1, 480, 640]",27648000,"uint8 RGB/grayscale images; float32 other decoded values; excludes timestamps, codecs and containers",90,64,23040,spatial_pool_8x8,Appendix A recording profile: full Aria vs miniAria wrist rates.,,
nymeria,nymeria,https://arxiv.org/html/2406.09905v1,3,observer_imu_right,imu,observer,1000,"[3000, 6]",72000,"uint8 RGB/grayscale images; float32 other decoded values; excludes timestamps, codecs and containers",3000,6,72000,identity,Appendix A recording profile: full Aria vs miniAria wrist rates.,Six acceleration/angular-velocity channels; timestamps excluded from numeric volume.,
nymeria,nymeria,https://arxiv.org/html/2406.09905v1,3,observer_trajectory,trajectory,observer,1000,"[3000, 7]",84000,"uint8 RGB/grayscale images; float32 other decoded values; excludes timestamps, codecs and containers",3000,7,84000,identity,Appendix B: MPS 6DoF trajectory at 1 kHz.,"XYZ plus quaternion representation, seven float32 values.",
nymeria,nymeria,https://arxiv.org/html/2406.09905v1,3,observer_eye_images,eye_images,observer,10,"[30, 1, 240, 320]",2304000,"uint8 RGB/grayscale images; float32 other decoded values; excludes timestamps, codecs and containers",30,64,7680,spatial_pool_8x8,Appendix A recording profile: full Aria vs miniAria wrist rates.,One published 320x240 ET image stream; no doubling for inferred eye crops.,
nymeria,nymeria,https://arxiv.org/html/2406.09905v1,3,observer_magnetometer,magnetometer,observer,10,"[30, 3]",360,"uint8 RGB/grayscale images; float32 other decoded values; excludes timestamps, codecs and containers",30,3,360,identity,Appendix A recording profile: full Aria vs miniAria wrist rates.,,
nymeria,nymeria,https://arxiv.org/html/2406.09905v1,3,observer_barometer,barometer,observer,50,"[150, 1]",600,"uint8 RGB/grayscale images; float32 other decoded values; excludes timestamps, codecs and containers",150,1,600,identity,Appendix A recording profile: full Aria vs miniAria wrist rates.,,
nymeria,nymeria,https://arxiv.org/html/2406.09905v1,3,observer_audio,audio,observer,48000,"[144000, 7]",4032000,"uint8 RGB/grayscale images; float32 other decoded values; excludes timestamps, codecs and containers",561,1799,4036956,log_spectrum_fft512_hop256_center_false,Appendix A recording profile: full Aria vs miniAria wrist rates.,,
nymeria,nymeria,https://arxiv.org/html/2406.09905v1,3,observer_gaze,gaze,observer,10,"[30, 3]",360,"uint8 RGB/grayscale images; float32 other decoded values; excludes timestamps, codecs and containers",30,3,360,identity,Appendix B: calibrated eye gaze.,Yaw/pitch/depth at ET 10 Hz; exact output schema and availability must be checked locally.,
nymeria,nymeria,https://arxiv.org/html/2406.09905v1,3,left_wrist_rgb,rgb,left_wrist,10,"[30, 3, 1408, 1408]",178421760,"uint8 RGB/grayscale images; float32 other decoded values; excludes timestamps, codecs and containers",30,192,23040,spatial_pool_8x8,Appendix A recording profile: full Aria vs miniAria wrist rates.,,
nymeria,nymeria,https://arxiv.org/html/2406.09905v1,3,left_wrist_slam_left,slam,left_wrist,20,"[60, 1, 480, 640]",18432000,"uint8 RGB/grayscale images; float32 other decoded values; excludes timestamps, codecs and containers",60,64,15360,spatial_pool_8x8,Appendix A recording profile: full Aria vs miniAria wrist rates.,,
nymeria,nymeria,https://arxiv.org/html/2406.09905v1,3,left_wrist_imu_left,imu,left_wrist,800,"[2400, 6]",57600,"uint8 RGB/grayscale images; float32 other decoded values; excludes timestamps, codecs and containers",2400,6,57600,identity,Appendix A recording profile: full Aria vs miniAria wrist rates.,Six acceleration/angular-velocity channels; timestamps excluded from numeric volume.,
nymeria,nymeria,https://arxiv.org/html/2406.09905v1,3,left_wrist_slam_right,slam,left_wrist,20,"[60, 1, 480, 640]",18432000,"uint8 RGB/grayscale images; float32 other decoded values; excludes timestamps, codecs and containers",60,64,15360,spatial_pool_8x8,Appendix A recording profile: full Aria vs miniAria wrist rates.,,
nymeria,nymeria,https://arxiv.org/html/2406.09905v1,3,left_wrist_imu_right,imu,left_wrist,1000,"[3000, 6]",72000,"uint8 RGB/grayscale images; float32 other decoded values; excludes timestamps, codecs and containers",3000,6,72000,identity,Appendix A recording profile: full Aria vs miniAria wrist rates.,Six acceleration/angular-velocity channels; timestamps excluded from numeric volume.,
nymeria,nymeria,https://arxiv.org/html/2406.09905v1,3,left_wrist_trajectory,trajectory,left_wrist,1000,"[3000, 7]",84000,"uint8 RGB/grayscale images; float32 other decoded values; excludes timestamps, codecs and containers",3000,7,84000,identity,Appendix B: MPS 6DoF trajectory at 1 kHz.,"XYZ plus quaternion representation, seven float32 values.",
nymeria,nymeria,https://arxiv.org/html/2406.09905v1,3,right_wrist_rgb,rgb,right_wrist,10,"[30, 3, 1408, 1408]",178421760,"uint8 RGB/grayscale images; float32 other decoded values; excludes timestamps, codecs and containers",30,192,23040,spatial_pool_8x8,Appendix A recording profile: full Aria vs miniAria wrist rates.,,
nymeria,nymeria,https://arxiv.org/html/2406.09905v1,3,right_wrist_slam_left,slam,right_wrist,20,"[60, 1, 480, 640]",18432000,"uint8 RGB/grayscale images; float32 other decoded values; excludes timestamps, codecs and containers",60,64,15360,spatial_pool_8x8,Appendix A recording profile: full Aria vs miniAria wrist rates.,,
nymeria,nymeria,https://arxiv.org/html/2406.09905v1,3,right_wrist_imu_left,imu,right_wrist,800,"[2400, 6]",57600,"uint8 RGB/grayscale images; float32 other decoded values; excludes timestamps, codecs and containers",2400,6,57600,identity,Appendix A recording profile: full Aria vs miniAria wrist rates.,Six acceleration/angular-velocity channels; timestamps excluded from numeric volume.,
nymeria,nymeria,https://arxiv.org/html/2406.09905v1,3,right_wrist_slam_right,slam,right_wrist,20,"[60, 1, 480, 640]",18432000,"uint8 RGB/grayscale images; float32 other decoded values; excludes timestamps, codecs and containers",60,64,15360,spatial_pool_8x8,Appendix A recording profile: full Aria vs miniAria wrist rates.,,
nymeria,nymeria,https://arxiv.org/html/2406.09905v1,3,right_wrist_imu_right,imu,right_wrist,1000,"[3000, 6]",72000,"uint8 RGB/grayscale images; float32 other decoded values; excludes timestamps, codecs and containers",3000,6,72000,identity,Appendix A recording profile: full Aria vs miniAria wrist rates.,Six acceleration/angular-velocity channels; timestamps excluded from numeric volume.,
nymeria,nymeria,https://arxiv.org/html/2406.09905v1,3,right_wrist_trajectory,trajectory,right_wrist,1000,"[3000, 7]",84000,"uint8 RGB/grayscale images; float32 other decoded values; excludes timestamps, codecs and containers",3000,7,84000,identity,Appendix B: MPS 6DoF trajectory at 1 kHz.,"XYZ plus quaternion representation, seven float32 values.",
nymeria,nymeria,https://arxiv.org/html/2406.09905v1,3,body_position,body_position,xsens,240,"[720, 69]",198720,"uint8 RGB/grayscale images; float32 other decoded values; excludes timestamps, codecs and containers",720,69,198720,identity,Appendix A: XSens body motion240Hz.,"23 segments x3/x4 fixture; joint-angle69/contact4 are explicit output-schema assumptions, not established release dimensions.",
nymeria,nymeria,https://arxiv.org/html/2406.09905v1,3,body_orientation,body_orientation,xsens,240,"[720, 92]",264960,"uint8 RGB/grayscale images; float32 other decoded values; excludes timestamps, codecs and containers",720,92,264960,identity,Appendix A: XSens body motion240Hz.,"23 segments x3/x4 fixture; joint-angle69/contact4 are explicit output-schema assumptions, not established release dimensions.",
nymeria,nymeria,https://arxiv.org/html/2406.09905v1,3,body_velocity,body_velocity,xsens,240,"[720, 69]",198720,"uint8 RGB/grayscale images; float32 other decoded values; excludes timestamps, codecs and containers",720,69,198720,identity,Appendix A: XSens body motion240Hz.,"23 segments x3/x4 fixture; joint-angle69/contact4 are explicit output-schema assumptions, not established release dimensions.",
nymeria,nymeria,https://arxiv.org/html/2406.09905v1,3,body_acceleration,body_acceleration,xsens,240,"[720, 69]",198720,"uint8 RGB/grayscale images; float32 other decoded values; excludes timestamps, codecs and containers",720,69,198720,identity,Appendix A: XSens body motion240Hz.,"23 segments x3/x4 fixture; joint-angle69/contact4 are explicit output-schema assumptions, not established release dimensions.",
nymeria,nymeria,https://arxiv.org/html/2406.09905v1,3,joint_angles,joint_angles,xsens,240,"[720, 69]",198720,"uint8 RGB/grayscale images; float32 other decoded values; excludes timestamps, codecs and containers",720,69,198720,identity,Appendix A: XSens body motion240Hz.,"23 segments x3/x4 fixture; joint-angle69/contact4 are explicit output-schema assumptions, not established release dimensions.",
nymeria,nymeria,https://arxiv.org/html/2406.09905v1,3,foot_contacts,foot_contacts,xsens,240,"[720, 4]",11520,"uint8 RGB/grayscale images; float32 other decoded values; excludes timestamps, codecs and containers",720,4,11520,identity,Appendix A: XSens body motion240Hz.,"23 segments x3/x4 fixture; joint-angle69/contact4 are explicit output-schema assumptions, not established release dimensions.",
nymeria,nymeria,https://arxiv.org/html/2406.09905v1,3,pointcloud,pointcloud,scene,,,,"uint8 RGB/grayscale images; float32 other decoded values; excludes timestamps, codecs and containers",1,12,48,point_moments_xyz,Appendix B: static semi-dense scene point cloud.,One XYZ point-moments context per window (12 float32 features); raw point count varies and is unknown.,
